<?xml version="1.0" encoding="UTF-8" standalone="yes"?>
<addon id="plugin.video.AlienWizard" name="AlienWizard" version="1.0.0" provider-name="Martian">
  <requires>
    <import addon="xbmc.python" version="2.1.0"/>
  </requires>
  <extension point="xbmc.python.pluginsource" library="default.py">
        <provides>video executable</provides>
  </extension>
  <extension point="xbmc.addon.metadata">
    <summary lang="en">AlienWizard</summary>
    <description lang="en">Enjoy Earthlings</description>
    <platform>all</platform>
  </extension>
</addon>
